<application>
  <component name="libraryTable">
    <library name="groovy-3.0.6">
      <CLASSES>
        <root url="jar://C:/groovy-3.0.6/lib/ant-1.10.8.jar!/" />
        <root url="jar://C:/groovy-3.0.6/lib/ant-antlr-1.10.8.jar!/" />
        <root url="jar://C:/groovy-3.0.6/lib/ant-junit-1.10.8.jar!/" />
        <root url="jar://C:/groovy-3.0.6/lib/ant-launcher-1.10.8.jar!/" />
        <root url="jar://C:/groovy-3.0.6/lib/bsf-2.4.0.jar!/" />
        <root url="jar://C:/groovy-3.0.6/lib/commons-cli-1.4.jar!/" />
        <root url="jar://C:/groovy-3.0.6/lib/commons-logging-1.2.jar!/" />
        <root url="jar://C:/groovy-3.0.6/lib/gpars-1.2.1.jar!/" />
        <root url="jar://C:/groovy-3.0.6/lib/groovy-3.0.6.jar!/" />
        <root url="jar://C:/groovy-3.0.6/lib/groovy-ant-3.0.6.jar!/" />
        <root url="jar://C:/groovy-3.0.6/lib/groovy-astbuilder-3.0.6.jar!/" />
        <root url="jar://C:/groovy-3.0.6/lib/groovy-bsf-3.0.6.jar!/" />
        <root url="jar://C:/groovy-3.0.6/lib/groovy-cli-commons-3.0.6.jar!/" />
        <root url="jar://C:/groovy-3.0.6/lib/groovy-cli-picocli-3.0.6.jar!/" />
        <root url="jar://C:/groovy-3.0.6/lib/groovy-console-3.0.6.jar!/" />
        <root url="jar://C:/groovy-3.0.6/lib/groovy-datetime-3.0.6.jar!/" />
        <root url="jar://C:/groovy-3.0.6/lib/groovy-dateutil-3.0.6.jar!/" />
        <root url="jar://C:/groovy-3.0.6/lib/groovy-docgenerator-3.0.6.jar!/" />
        <root url="jar://C:/groovy-3.0.6/lib/groovy-groovydoc-3.0.6.jar!/" />
        <root url="jar://C:/groovy-3.0.6/lib/groovy-groovysh-3.0.6.jar!/" />
        <root url="jar://C:/groovy-3.0.6/lib/groovy-jaxb-3.0.6.jar!/" />
        <root url="jar://C:/groovy-3.0.6/lib/groovy-jmx-3.0.6.jar!/" />
        <root url="jar://C:/groovy-3.0.6/lib/groovy-json-3.0.6.jar!/" />
        <root url="jar://C:/groovy-3.0.6/lib/groovy-jsr223-3.0.6.jar!/" />
        <root url="jar://C:/groovy-3.0.6/lib/groovy-macro-3.0.6.jar!/" />
        <root url="jar://C:/groovy-3.0.6/lib/groovy-nio-3.0.6.jar!/" />
        <root url="jar://C:/groovy-3.0.6/lib/groovy-servlet-3.0.6.jar!/" />
        <root url="jar://C:/groovy-3.0.6/lib/groovy-sql-3.0.6.jar!/" />
        <root url="jar://C:/groovy-3.0.6/lib/groovy-swing-3.0.6.jar!/" />
        <root url="jar://C:/groovy-3.0.6/lib/groovy-templates-3.0.6.jar!/" />
        <root url="jar://C:/groovy-3.0.6/lib/groovy-test-3.0.6.jar!/" />
        <root url="jar://C:/groovy-3.0.6/lib/groovy-test-junit5-3.0.6.jar!/" />
        <root url="jar://C:/groovy-3.0.6/lib/groovy-testng-3.0.6.jar!/" />
        <root url="jar://C:/groovy-3.0.6/lib/groovy-xml-3.0.6.jar!/" />
        <root url="jar://C:/groovy-3.0.6/lib/groovy-yaml-3.0.6.jar!/" />
        <root url="jar://C:/groovy-3.0.6/lib/hamcrest-core-1.3.jar!/" />
        <root url="jar://C:/groovy-3.0.6/lib/ivy-2.5.0.jar!/" />
        <root url="jar://C:/groovy-3.0.6/lib/jackson-annotations-2.11.2.jar!/" />
        <root url="jar://C:/groovy-3.0.6/lib/jackson-core-2.11.2.jar!/" />
        <root url="jar://C:/groovy-3.0.6/lib/jackson-databind-2.11.2.jar!/" />
        <root url="jar://C:/groovy-3.0.6/lib/jackson-dataformat-yaml-2.11.2.jar!/" />
        <root url="jar://C:/groovy-3.0.6/lib/jansi-1.18.jar!/" />
        <root url="jar://C:/groovy-3.0.6/lib/javaparser-core-3.16.1.jar!/" />
        <root url="jar://C:/groovy-3.0.6/lib/javax.servlet-api-3.0.1.jar!/" />
        <root url="jar://C:/groovy-3.0.6/lib/jcommander-1.78.jar!/" />
        <root url="jar://C:/groovy-3.0.6/lib/jline-2.14.6.jar!/" />
        <root url="jar://C:/groovy-3.0.6/lib/jsp-api-2.0.jar!/" />
        <root url="jar://C:/groovy-3.0.6/lib/jsr166y-1.7.0.jar!/" />
        <root url="jar://C:/groovy-3.0.6/lib/junit-4.13.jar!/" />
        <root url="jar://C:/groovy-3.0.6/lib/junit-jupiter-api-5.7.0.jar!/" />
        <root url="jar://C:/groovy-3.0.6/lib/junit-jupiter-engine-5.7.0.jar!/" />
        <root url="jar://C:/groovy-3.0.6/lib/junit-platform-commons-1.7.0.jar!/" />
        <root url="jar://C:/groovy-3.0.6/lib/junit-platform-engine-1.7.0.jar!/" />
        <root url="jar://C:/groovy-3.0.6/lib/junit-platform-launcher-1.7.0.jar!/" />
        <root url="jar://C:/groovy-3.0.6/lib/multiverse-core-0.7.0.jar!/" />
        <root url="jar://C:/groovy-3.0.6/lib/opentest4j-1.2.0.jar!/" />
        <root url="jar://C:/groovy-3.0.6/lib/org.abego.treelayout.core-1.0.1.jar!/" />
        <root url="jar://C:/groovy-3.0.6/lib/qdox-1.12.1.jar!/" />
        <root url="jar://C:/groovy-3.0.6/lib/snakeyaml-1.26.jar!/" />
        <root url="jar://C:/groovy-3.0.6/lib/ST4-4.1.jar!/" />
        <root url="jar://C:/groovy-3.0.6/lib/testng-7.3.0.jar!/" />
        <root url="jar://C:/groovy-3.0.6/lib/xstream-1.4.13.jar!/" />
      </CLASSES>
      <JAVADOC />
      <SOURCES />
    </library>
    <library name="Python 3.8 interpreter library">
      <CLASSES>
        <root url="file://C:/python38/DLLs" />
        <root url="file://C:/python38/Lib" />
        <root url="file://C:/python38" />
        <root url="file://$USER_HOME$/AppData/Roaming/Python/Python38/site-packages" />
        <root url="file://C:/python38/Lib/site-packages" />
        <root url="file://$USER_HOME$/AppData/Local/JetBrains/IdeaIC2020.2/python_stubs/2115176150" />
        <root url="file://$APPLICATION_PLUGINS_DIR$/python-ce/helpers/python-skeletons" />
        <root url="file://$APPLICATION_PLUGINS_DIR$/python-ce/helpers/typeshed/stdlib/3.7" />
        <root url="file://$APPLICATION_PLUGINS_DIR$/python-ce/helpers/typeshed/stdlib/3" />
        <root url="file://$APPLICATION_PLUGINS_DIR$/python-ce/helpers/typeshed/stdlib/2and3" />
        <root url="file://$APPLICATION_PLUGINS_DIR$/python-ce/helpers/typeshed/third_party/3" />
        <root url="file://$APPLICATION_PLUGINS_DIR$/python-ce/helpers/typeshed/third_party/2and3" />
      </CLASSES>
      <JAVADOC />
      <SOURCES>
        <root url="file://C:/python38/DLLs" />
        <root url="file://C:/python38/Lib" />
        <root url="file://C:/python38" />
        <root url="file://$USER_HOME$/AppData/Roaming/Python/Python38/site-packages" />
        <root url="file://C:/python38/Lib/site-packages" />
        <root url="file://$USER_HOME$/AppData/Local/JetBrains/IdeaIC2020.2/python_stubs/2115176150" />
        <root url="file://$APPLICATION_PLUGINS_DIR$/python-ce/helpers/python-skeletons" />
        <root url="file://$APPLICATION_PLUGINS_DIR$/python-ce/helpers/typeshed/stdlib/3.7" />
        <root url="file://$APPLICATION_PLUGINS_DIR$/python-ce/helpers/typeshed/stdlib/3" />
        <root url="file://$APPLICATION_PLUGINS_DIR$/python-ce/helpers/typeshed/stdlib/2and3" />
        <root url="file://$APPLICATION_PLUGINS_DIR$/python-ce/helpers/typeshed/third_party/3" />
        <root url="file://$APPLICATION_PLUGINS_DIR$/python-ce/helpers/typeshed/third_party/2and3" />
      </SOURCES>
    </library>
  </component>
</application>