<application>
  <component name="FileTypeManager" version="17">
    <extensionMap>
      <mapping pattern="match_none" type="JSON" />
      <mapping ext="template" type="JSON" />
      <mapping ext="gradle.kts" type="Kotlin" />
      <mapping ext="main.kts" type="Kotlin" />
      <mapping pattern="sims_other" type="PLAIN_TEXT" />
      <mapping pattern="python调用shell" type="PLAIN_TEXT" />
      <mapping pattern="es_cmds" type="PLAIN_TEXT" />
      <mapping pattern="segments_3" type="PLAIN_TEXT" />
      <mapping pattern="pre" type="PLAIN_TEXT" />
      <mapping pattern="sims_job" type="PLAIN_TEXT" />
      <mapping pattern="tag" type="PLAIN_TEXT" />
      <mapping pattern="跳板机" type="PLAIN_TEXT" />
      <mapping pattern="list files in dir" type="PLAIN_TEXT" />
      <mapping pattern="coding_tasks" type="PLAIN_TEXT" />
      <mapping pattern="readme" type="PLAIN_TEXT" />
      <mapping ext="options2" type="PLAIN_TEXT" />
      <mapping ext="options3" type="PLAIN_TEXT" />
      <mapping ext="options1" type="PLAIN_TEXT" />
      <mapping ext="cymbol" type="PLAIN_TEXT" />
      <mapping ext="pst" type="PLAIN_TEXT" />
      <mapping ext="si" type="PLAIN_TEXT" />
      <mapping ext="lock" type="PLAIN_TEXT" />
      <mapping ext="dot" type="PLAIN_TEXT" />
      <mapping ext="bin" type="PLAIN_TEXT" />
    </extensionMap>
  </component>
</application>