<application>
  <component name="FindSettings">
    <option name="customScope" value="All Places" />
    <option name="defaultScopeName" value="All Places" />
    <option name="SEARCH_SCOPE" value="All Places" />
    <option name="FILE_MASK" value="*.java" />
    <mask>*.jsp</mask>
    <mask>*.xml</mask>
    <mask>*.js</mask>
    <mask>*.as</mask>
    <mask>*.css</mask>
    <mask>*.mxml</mask>
    <mask>*.html</mask>
    <mask>*.thrift</mask>
    <mask>*.def</mask>
    <mask>*.bean</mask>
    <mask>*.s</mask>
    <mask>*.py</mask>
    <mask>*.properties</mask>
    <mask>*.go</mask>
    <mask>*.sh</mask>
    <mask>*.Java</mask>
    <mask>*.gradle</mask>
    <mask>*.txt</mask>
    <mask>*.g4</mask>
    <mask>*param*</mask>
    <mask>*strategy.baseline.json</mask>
    <mask>strategy.*.json</mask>
    <mask>*strategy*</mask>
    <mask>*</mask>
    <mask>*.*</mask>
    <mask>*.json</mask>
    <mask>*.java</mask>
  </component>
</application>