<keymap version="1" name="Emacs custom" parent="Emacs">
  <action id="$Copy">
    <keyboard-shortcut first-keystroke="ctrl q" />
    <keyboard-shortcut first-keystroke="ctrl c" />
  </action>
  <action id="$EditorTranslateAction">
    <keyboard-shortcut first-keystroke="shift ctrl y" />
    <keyboard-shortcut first-keystroke="ctrl t" />
  </action>
  <action id="$Paste">
    <keyboard-shortcut first-keystroke="shift insert" />
    <keyboard-shortcut first-keystroke="ctrl y" />
    <keyboard-shortcut first-keystroke="ctrl v" />
    <keyboard-shortcut first-keystroke="alt v" />
  </action>
  <action id="ActivateCommitToolWindow" />
  <action id="ActivateHierarchyToolWindow">
    <keyboard-shortcut first-keystroke="alt 0" />
  </action>
  <action id="ActivateStructureToolWindow">
    <keyboard-shortcut first-keystroke="ctrl o" />
  </action>
  <action id="ActivateTerminalToolWindow">
    <keyboard-shortcut first-keystroke="shift ctrl c" />
    <keyboard-shortcut first-keystroke="alt f12" />
  </action>
  <action id="AddToFavoritesPopup" />
  <action id="Arrangement.Alias.Rule.Edit" />
  <action id="Arrangement.Rule.Edit" />
  <action id="Back">
    <keyboard-shortcut first-keystroke="ctrl alt left" />
    <mouse-shortcut keystroke="button4" />
    <keyboard-shortcut first-keystroke="alt comma" />
  </action>
  <action id="ChangesView.Commit">
    <keyboard-shortcut first-keystroke="shift ctrl alt c" />
  </action>
  <action id="ChangesView.DeleteUnversioned">
    <keyboard-shortcut first-keystroke="ctrl d" />
  </action>
  <action id="ChangesView.GroupBy.Directory" />
  <action id="ChangesView.Rename">
    <keyboard-shortcut first-keystroke="shift f6" />
  </action>
  <action id="CheckinProject">
    <keyboard-shortcut first-keystroke="ctrl k" />
    <keyboard-shortcut first-keystroke="shift ctrl alt c" />
  </action>
  <action id="CloseContent">
    <keyboard-shortcut first-keystroke="ctrl f4" />
    <keyboard-shortcut first-keystroke="ctrl x" second-keystroke="k" />
    <keyboard-shortcut first-keystroke="ctrl x" second-keystroke="0" />
    <keyboard-shortcut first-keystroke="ctrl alt w" />
  </action>
  <action id="CollapseAll">
    <keyboard-shortcut first-keystroke="ctrl subtract" />
  </action>
  <action id="CollapseRegion">
    <keyboard-shortcut first-keystroke="ctrl subtract" />
  </action>
  <action id="CollapseSelection" />
  <action id="CommentByLineComment">
    <keyboard-shortcut first-keystroke="alt semicolon" />
    <keyboard-shortcut first-keystroke="shift alt semicolon" />
  </action>
  <action id="CompareTwoFiles" />
  <action id="Compile" />
  <action id="Console.Execute">
    <keyboard-shortcut first-keystroke="enter" />
  </action>
  <action id="Console.TableResult.EditFilterCriteria" />
  <action id="Console.TableResult.EditValue">
    <keyboard-shortcut first-keystroke="enter" />
  </action>
  <action id="Console.TableResult.SetNull" />
  <action id="CopyElement" />
  <action id="CopyPaths" />
  <action id="CopyReference" />
  <action id="DatabaseView.CopyDdlAction">
    <keyboard-shortcut first-keystroke="shift ctrl alt g" />
  </action>
  <action id="DebugClass">
    <keyboard-shortcut first-keystroke="shift ctrl f9" />
  </action>
  <action id="Debugger.EditArrayFilter" />
  <action id="Debugger.EditFrameSource" />
  <action id="Diff.NextChange">
    <keyboard-shortcut first-keystroke="ctrl x" second-keystroke="n" />
  </action>
  <action id="Diff.PrevChange">
    <keyboard-shortcut first-keystroke="ctrl x" second-keystroke="p" />
  </action>
  <action id="Diff.ShowDiff" />
  <action id="Documentation.EditSource" />
  <action id="DomCollectionControl.Edit" />
  <action id="DomElementsTreeView.GotoDomElementDeclarationAction" />
  <action id="DuplicatesForm.SendToRight" />
  <action id="EditBreakpoint" />
  <action id="EditSource" />
  <action id="Editor Copy">
    <keyboard-shortcut first-keystroke="ctrl q" />
    <keyboard-shortcut first-keystroke="ctrl c" />
  </action>
  <action id="Editor EditorTranslateAction">
    <keyboard-shortcut first-keystroke="ctrl t" />
  </action>
  <action id="Editor Paste">
    <keyboard-shortcut first-keystroke="ctrl v" />
    <keyboard-shortcut first-keystroke="alt v" />
  </action>
  <action id="EditorChooseLookupItem">
    <keyboard-shortcut first-keystroke="enter" />
  </action>
  <action id="EditorChooseLookupItemDot" />
  <action id="EditorCompleteStatement">
    <keyboard-shortcut first-keystroke="shift ctrl enter" />
    <keyboard-shortcut first-keystroke="alt enter" />
  </action>
  <action id="EditorCutLineEnd" />
  <action id="EditorDeleteLine">
    <keyboard-shortcut first-keystroke="ctrl alt k" />
  </action>
  <action id="EditorDeleteToLineEnd">
    <keyboard-shortcut first-keystroke="ctrl k" />
  </action>
  <action id="EditorDeleteToWordStart">
    <keyboard-shortcut first-keystroke="ctrl back_space" />
    <keyboard-shortcut first-keystroke="alt back_space" />
  </action>
  <action id="EditorDuplicate">
    <keyboard-shortcut first-keystroke="ctrl alt n" />
    <keyboard-shortcut first-keystroke="shift alt n" />
  </action>
  <action id="EditorEnter">
    <keyboard-shortcut first-keystroke="enter" />
  </action>
  <action id="EditorEscape">
    <keyboard-shortcut first-keystroke="ctrl g" />
    <keyboard-shortcut first-keystroke="escape" />
  </action>
  <action id="EditorKillRingSave" />
  <action id="EditorLeft">
    <keyboard-shortcut first-keystroke="left" />
    <keyboard-shortcut first-keystroke="ctrl u" />
    <keyboard-shortcut first-keystroke="ctrl b" />
  </action>
  <action id="EditorLineEnd">
    <keyboard-shortcut first-keystroke="end" />
    <keyboard-shortcut first-keystroke="ctrl e" />
    <keyboard-shortcut first-keystroke="ctrl semicolon" />
  </action>
  <action id="EditorMatchBrace" />
  <action id="EditorNextWord">
    <keyboard-shortcut first-keystroke="ctrl right" />
    <keyboard-shortcut first-keystroke="alt f" />
  </action>
  <action id="EditorPageDown">
    <keyboard-shortcut first-keystroke="page_down" />
  </action>
  <action id="EditorPageUp">
    <keyboard-shortcut first-keystroke="page_up" />
  </action>
  <action id="EditorPreviousWord">
    <keyboard-shortcut first-keystroke="ctrl left" />
    <keyboard-shortcut first-keystroke="alt b" />
  </action>
  <action id="EditorSelectWord">
    <keyboard-shortcut first-keystroke="ctrl equals" />
  </action>
  <action id="EditorSplitLine" />
  <action id="EditorSwapSelectionBoundaries" />
  <action id="EditorTextStart">
    <keyboard-shortcut first-keystroke="ctrl home" />
    <keyboard-shortcut first-keystroke="shift alt comma" />
  </action>
  <action id="EditorToggleCase">
    <keyboard-shortcut first-keystroke="shift ctrl u" />
    <keyboard-shortcut first-keystroke="alt u" />
    <keyboard-shortcut first-keystroke="alt l" />
  </action>
  <action id="EditorToggleStickySelection">
    <keyboard-shortcut first-keystroke="ctrl space" />
    <keyboard-shortcut first-keystroke="shift ctrl 2" />
    <keyboard-shortcut first-keystroke="ctrl 2" />
  </action>
  <action id="EditorUnSelectWord">
    <keyboard-shortcut first-keystroke="ctrl minus" />
  </action>
  <action id="EvaluateExpression">
    <keyboard-shortcut first-keystroke="shift ctrl f8" />
  </action>
  <action id="ExpandAll">
    <keyboard-shortcut first-keystroke="ctrl add" />
  </action>
  <action id="ExpandRegion">
    <keyboard-shortcut first-keystroke="ctrl add" />
  </action>
  <action id="ExpressionTypeInfo" />
  <action id="ExternalJavaDoc">
    <keyboard-shortcut first-keystroke="shift f1" />
    <keyboard-shortcut first-keystroke="shift ctrl q" />
  </action>
  <action id="ExternalSystem.OpenConfig" />
  <action id="FileChooser.GotoDesktop" />
  <action id="FileChooser.GotoProject" />
  <action id="FileChooser.NewFolder">
    <keyboard-shortcut first-keystroke="alt insert" />
  </action>
  <action id="FileChooser.TogglePathShowing" />
  <action id="FileStructurePopup">
    <keyboard-shortcut first-keystroke="shift ctrl o" />
  </action>
  <action id="FindNext">
    <keyboard-shortcut first-keystroke="alt s" />
  </action>
  <action id="FindPrevious">
    <keyboard-shortcut first-keystroke="shift f3" />
  </action>
  <action id="FindUsages">
    <keyboard-shortcut first-keystroke="alt f7" />
    <keyboard-shortcut first-keystroke="shift alt s" />
    <keyboard-shortcut first-keystroke="alt 7" />
  </action>
  <action id="FocusEditor" />
  <action id="ForceStepInto" />
  <action id="ForceStepOver" />
  <action id="Forward">
    <keyboard-shortcut first-keystroke="ctrl alt right" />
    <mouse-shortcut keystroke="button5" />
    <keyboard-shortcut first-keystroke="alt period" />
  </action>
  <action id="Generate">
    <keyboard-shortcut first-keystroke="alt insert" />
    <keyboard-shortcut first-keystroke="alt i" />
  </action>
  <action id="Git.Rename.Local.Branch">
    <keyboard-shortcut first-keystroke="shift f6" />
  </action>
  <action id="Git.Reword.Commit">
    <keyboard-shortcut first-keystroke="shift f6" />
  </action>
  <action id="GoogleTranslation">
    <keyboard-shortcut first-keystroke="ctrl t" />
  </action>
  <action id="GotoAction">
    <keyboard-shortcut first-keystroke="alt x" />
    <keyboard-shortcut first-keystroke="shift ctrl a" />
  </action>
  <action id="GotoBookmark0" />
  <action id="GotoBookmark1">
    <keyboard-shortcut first-keystroke="ctrl alt 1" />
  </action>
  <action id="GotoBookmark2">
    <keyboard-shortcut first-keystroke="ctrl alt 2" />
  </action>
  <action id="GotoBookmark3">
    <keyboard-shortcut first-keystroke="ctrl alt 3" />
  </action>
  <action id="GotoBookmark4">
    <keyboard-shortcut first-keystroke="ctrl alt 4" />
  </action>
  <action id="GotoBookmark5">
    <keyboard-shortcut first-keystroke="ctrl alt 5" />
  </action>
  <action id="GotoBookmark6">
    <keyboard-shortcut first-keystroke="ctrl alt 6" />
  </action>
  <action id="GotoBookmark7">
    <keyboard-shortcut first-keystroke="ctrl alt 7" />
  </action>
  <action id="GotoBookmark8">
    <keyboard-shortcut first-keystroke="ctrl alt 8" />
  </action>
  <action id="GotoBookmark9">
    <keyboard-shortcut first-keystroke="ctrl alt 9" />
  </action>
  <action id="GotoDeclaration">
    <keyboard-shortcut first-keystroke="ctrl alt g" />
    <mouse-shortcut keystroke="control button1" />
    <keyboard-shortcut first-keystroke="alt j" />
  </action>
  <action id="GotoImplementation">
    <keyboard-shortcut first-keystroke="alt k" />
  </action>
  <action id="GotoNextBookmark">
    <keyboard-shortcut first-keystroke="shift ctrl n" />
  </action>
  <action id="GotoNextError">
    <keyboard-shortcut first-keystroke="ctrl x" second-keystroke="back_quote" />
    <keyboard-shortcut first-keystroke="ctrl x" second-keystroke="x" />
    <keyboard-shortcut first-keystroke="alt e" />
  </action>
  <action id="GotoNextIncompletePropertyAction">
    <keyboard-shortcut first-keystroke="ctrl x" second-keystroke="back_quote" />
  </action>
  <action id="GotoSuperMethod" />
  <action id="GotoTypeDeclaration">
    <mouse-shortcut keystroke="shift control button1" />
  </action>
  <action id="GuiDesigner.EditComponent" />
  <action id="GuiDesigner.EditGroup" />
  <action id="GuiDesigner.QuickJavadoc">
    <mouse-shortcut keystroke="alt button2" />
  </action>
  <action id="HideAllWindows">
    <keyboard-shortcut first-keystroke="shift ctrl f12" />
    <keyboard-shortcut first-keystroke="ctrl m" />
  </action>
  <action id="Inline" />
  <action id="IntroduceParameter" />
  <action id="IntroduceVariable">
    <keyboard-shortcut first-keystroke="ctrl alt v" />
    <keyboard-shortcut first-keystroke="shift alt v" />
  </action>
  <action id="JumpToLastChange">
    <keyboard-shortcut first-keystroke="ctrl alt comma" />
  </action>
  <action id="List-selectFirstRow">
    <keyboard-shortcut first-keystroke="ctrl home" />
    <keyboard-shortcut first-keystroke="shift alt comma" />
  </action>
  <action id="Move" />
  <action id="MoveLineDown">
    <keyboard-shortcut first-keystroke="alt n" />
  </action>
  <action id="MoveLineUp">
    <keyboard-shortcut first-keystroke="alt p" />
  </action>
  <action id="NavBar-navigate" />
  <action id="NextSplitter">
    <keyboard-shortcut first-keystroke="alt right" />
  </action>
  <action id="NextTab">
    <keyboard-shortcut first-keystroke="ctrl x" second-keystroke="n" />
  </action>
  <action id="NextTemplateVariable">
    <keyboard-shortcut first-keystroke="tab" />
    <keyboard-shortcut first-keystroke="enter" />
  </action>
  <action id="OpenModuleSettings" />
  <action id="OptimizeImports">
    <keyboard-shortcut first-keystroke="ctrl alt o" />
    <keyboard-shortcut first-keystroke="shift alt o" />
  </action>
  <action id="ParameterInfo">
    <keyboard-shortcut first-keystroke="shift alt p" />
    <keyboard-shortcut first-keystroke="shift ctrl p" />
    <keyboard-shortcut first-keystroke="ctrl alt p" />
  </action>
  <action id="PrevSplitter">
    <keyboard-shortcut first-keystroke="alt left" />
  </action>
  <action id="PreviousTab">
    <keyboard-shortcut first-keystroke="ctrl x" second-keystroke="p" />
  </action>
  <action id="ProjectViewEditSource" />
  <action id="QuickEvaluateExpression">
    <mouse-shortcut keystroke="alt button1" />
    <keyboard-shortcut first-keystroke="alt f8" />
  </action>
  <action id="QuickJavaDoc">
    <mouse-shortcut keystroke="alt button2" />
    <keyboard-shortcut first-keystroke="ctrl t" />
  </action>
  <action id="RecentChangedFiles">
    <keyboard-shortcut first-keystroke="shift ctrl e" />
  </action>
  <action id="RecentFiles">
    <keyboard-shortcut first-keystroke="ctrl r" />
  </action>
  <action id="ReformatCode">
    <keyboard-shortcut first-keystroke="ctrl alt f" />
    <keyboard-shortcut first-keystroke="shift alt f" />
  </action>
  <action id="RenameElement">
    <keyboard-shortcut first-keystroke="ctrl alt r" />
    <keyboard-shortcut first-keystroke="f2" />
    <keyboard-shortcut first-keystroke="shift alt r" />
  </action>
  <action id="Replace">
    <keyboard-shortcut first-keystroke="shift alt 5" />
    <keyboard-shortcut first-keystroke="shift ctrl r" />
  </action>
  <action id="ReplaceInPath" />
  <action id="RerunTests" />
  <action id="Resume">
    <keyboard-shortcut first-keystroke="f9" />
    <keyboard-shortcut first-keystroke="f6" />
  </action>
  <action id="Scala.GoToImplicit" />
  <action id="Scala.RunWorksheet" />
  <action id="SearchEverywhere">
    <keyboard-shortcut first-keystroke="shift ctrl s" />
  </action>
  <action id="SearchEverywhere.NavigateToNextGroup">
    <keyboard-shortcut first-keystroke="ctrl down" />
  </action>
  <action id="SelectNextOccurrence" />
  <action id="SendEOF" />
  <action id="ServiceView.GroupByServiceGroups" />
  <action id="ShelvedChanges.Rename">
    <keyboard-shortcut first-keystroke="shift f6" />
  </action>
  <action id="ShowRecentTests" />
  <action id="SplitVertically">
    <keyboard-shortcut first-keystroke="ctrl x" second-keystroke="3" />
    <keyboard-shortcut first-keystroke="ctrl back_slash" />
  </action>
  <action id="StepInto">
    <keyboard-shortcut first-keystroke="f7" />
    <keyboard-shortcut first-keystroke="f4" />
  </action>
  <action id="StepOver">
    <keyboard-shortcut first-keystroke="f8" />
    <keyboard-shortcut first-keystroke="f5" />
  </action>
  <action id="SynchronizeCurrentFile">
    <keyboard-shortcut first-keystroke="alt u" />
  </action>
  <action id="Table-scrollUpChangeSelection">
    <keyboard-shortcut first-keystroke="page_up" />
    <keyboard-shortcut first-keystroke="ctrl z" />
  </action>
  <action id="Table-selectFirstRow">
    <keyboard-shortcut first-keystroke="ctrl home" />
    <keyboard-shortcut first-keystroke="shift alt comma" />
  </action>
  <action id="Terminal.CopySelectedText" />
  <action id="Terminal.Paste" />
  <action id="Terminal.SwitchFocusToEditor" />
  <action id="TodoViewGroupByShowPackages" />
  <action id="ToggleBookmark">
    <keyboard-shortcut first-keystroke="shift ctrl m" />
  </action>
  <action id="ToggleBookmark0" />
  <action id="ToggleBookmark1" />
  <action id="ToggleBookmark3" />
  <action id="ToggleBookmark4" />
  <action id="ToggleBookmark5" />
  <action id="ToggleBookmark6" />
  <action id="ToggleBookmark7" />
  <action id="ToggleBookmark8" />
  <action id="ToggleBookmark9" />
  <action id="ToggleBookmarkWithMnemonic" />
  <action id="ToggleLineBreakpoint">
    <keyboard-shortcut first-keystroke="shift ctrl b" />
  </action>
  <action id="ToggleTemporaryLineBreakpoint" />
  <action id="Tree-scrollUpChangeSelection">
    <keyboard-shortcut first-keystroke="page_up" />
    <keyboard-shortcut first-keystroke="ctrl z" />
  </action>
  <action id="Tree-selectFirst">
    <keyboard-shortcut first-keystroke="ctrl home" />
    <keyboard-shortcut first-keystroke="shift alt comma" />
  </action>
  <action id="Uml.NodeIntentions" />
  <action id="UpdateRunningApplication" />
  <action id="UsageFiltering.ReadAccess" />
  <action id="UsageFiltering.WriteAccess" />
  <action id="UsageGrouping.Directory" />
  <action id="UsageGrouping.Package" />
  <action id="Vcs.EditSource" />
  <action id="Vcs.UpdateProject" />
  <action id="ViewBreakpoints" />
  <action id="XDebugger.EditWatch" />
  <action id="XDebugger.JumpToSource" />
  <action id="XDebugger.SetValue" />
  <action id="android.deploy.ApplyChanges">
    <keyboard-shortcut first-keystroke="ctrl f10" />
  </action>
  <action id="openAssertEqualsDiff" />
  <action id="tasks.goto" />
</keymap>